<class 'problems.ANNOP.ANNOP'>,112098292576,algorithms.ga_elitism_worst_removal,0,0.11122661122661123,0.08713692946058091,16,tournament_selection,two_point_crossover,0.6,random_member_gaussian_ball_mutation,None,None,0.9,-0.003019384558291441
<class 'problems.ANNOP.ANNOP'>,112098292576,algorithms.ga_elitism_worst_removal,1,0.11122661122661123,0.08713692946058091,16,tournament_selection,two_point_crossover,0.6,random_member_gaussian_ball_mutation,None,None,0.9,-0.0028938484214293255
<class 'problems.ANNOP.ANNOP'>,112098292576,algorithms.ga_elitism_worst_removal,2,0.11122661122661123,0.08713692946058091,16,tournament_selection,two_point_crossover,0.6,random_member_gaussian_ball_mutation,None,None,0.9,0.0
<class 'problems.ANNOP.ANNOP'>,112098292576,algorithms.ga_elitism_worst_removal,3,0.11122661122661123,0.08713692946058091,16,tournament_selection,two_point_crossover,0.6,random_member_gaussian_ball_mutation,None,None,0.9,0.0
<class 'problems.ANNOP.ANNOP'>,112098292576,algorithms.ga_elitism_worst_removal,4,0.11122661122661123,0.08713692946058091,16,tournament_selection,two_point_crossover,0.6,random_member_gaussian_ball_mutation,None,None,0.9,0.0
<class 'problems.ANNOP.ANNOP'>,112098292576,algorithms.ga_elitism_worst_removal,5,0.11122661122661123,0.08713692946058091,16,tournament_selection,two_point_crossover,0.6,random_member_gaussian_ball_mutation,None,None,0.9,0.0
<class 'problems.ANNOP.ANNOP'>,112098292576,algorithms.ga_elitism_worst_removal,6,0.11122661122661123,0.08713692946058091,16,tournament_selection,two_point_crossover,0.6,random_member_gaussian_ball_mutation,None,None,0.9,0.0
<class 'problems.ANNOP.ANNOP'>,112098292576,algorithms.ga_elitism_worst_removal,7,0.11122661122661123,0.08713692946058091,16,tournament_selection,two_point_crossover,0.6,random_member_gaussian_ball_mutation,None,None,0.9,0.0
<class 'problems.ANNOP.ANNOP'>,112098292576,algorithms.ga_elitism_worst_removal,8,0.11122661122661123,0.08713692946058091,16,tournament_selection,two_point_crossover,0.6,random_member_gaussian_ball_mutation,None,None,0.9,0.0
<class 'problems.ANNOP.ANNOP'>,112098292576,algorithms.ga_elitism_worst_removal,9,0.11122661122661123,0.08713692946058091,16,tournament_selection,two_point_crossover,0.6,random_member_gaussian_ball_mutation,None,None,0.9,0.0
<class 'problems.ANNOP.ANNOP'>,112098292576,algorithms.ga_elitism_worst_removal,10,0.11122661122661123,0.08713692946058091,16,tournament_selection,two_point_crossover,0.6,random_member_gaussian_ball_mutation,None,None,0.9,0.0
<class 'problems.ANNOP.ANNOP'>,112098292576,algorithms.ga_elitism_worst_removal,11,0.11122661122661123,0.08713692946058091,16,tournament_selection,two_point_crossover,0.6,random_member_gaussian_ball_mutation,None,None,0.9,0.0
<class 'problems.ANNOP.ANNOP'>,112098292576,algorithms.ga_elitism_worst_removal,12,0.11122661122661123,0.08713692946058091,16,tournament_selection,two_point_crossover,0.6,random_member_gaussian_ball_mutation,None,None,0.9,0.0
<class 'problems.ANNOP.ANNOP'>,112098292576,algorithms.ga_elitism_worst_removal,13,0.11122661122661123,0.08713692946058091,16,tournament_selection,two_point_crossover,0.6,random_member_gaussian_ball_mutation,None,None,0.9,0.0
<class 'problems.ANNOP.ANNOP'>,112098292576,algorithms.ga_elitism_worst_removal,14,0.11122661122661123,0.08713692946058091,16,tournament_selection,two_point_crossover,0.6,random_member_gaussian_ball_mutation,None,None,0.9,0.0
<class 'problems.ANNOP.ANNOP'>,112098292576,algorithms.ga_elitism_worst_removal,15,0.11122661122661123,0.08713692946058091,16,tournament_selection,two_point_crossover,0.6,random_member_gaussian_ball_mutation,None,None,0.9,0.0
<class 'problems.ANNOP.ANNOP'>,112098292576,algorithms.ga_elitism_worst_removal,16,0.11122661122661123,0.08713692946058091,16,tournament_selection,two_point_crossover,0.6,random_member_gaussian_ball_mutation,None,None,0.9,0.0
<class 'problems.ANNOP.ANNOP'>,112098292576,algorithms.ga_elitism_worst_removal,17,0.11122661122661123,0.08713692946058091,16,tournament_selection,two_point_crossover,0.6,random_member_gaussian_ball_mutation,None,None,0.9,0.0
<class 'problems.ANNOP.ANNOP'>,112098292576,algorithms.ga_elitism_worst_removal,18,0.11122661122661123,0.08713692946058091,16,tournament_selection,two_point_crossover,0.6,random_member_gaussian_ball_mutation,None,None,0.9,0.0
<class 'problems.ANNOP.ANNOP'>,112098292576,algorithms.ga_elitism_worst_removal,19,0.11122661122661123,0.08713692946058091,16,tournament_selection,two_point_crossover,0.6,random_member_gaussian_ball_mutation,None,None,0.9,0.0
<class 'problems.ANNOP.ANNOP'>,112098292576,algorithms.ga_elitism_worst_removal,20,0.11122661122661123,0.08713692946058091,16,tournament_selection,two_point_crossover,0.6,random_member_gaussian_ball_mutation,None,None,0.9,0.0
<class 'problems.ANNOP.ANNOP'>,112098292576,algorithms.ga_elitism_worst_removal,21,0.11122661122661123,0.08713692946058091,16,tournament_selection,two_point_crossover,0.6,random_member_gaussian_ball_mutation,None,None,0.9,0.0
<class 'problems.ANNOP.ANNOP'>,112098292576,algorithms.ga_elitism_worst_removal,22,0.11122661122661123,0.08713692946058091,16,tournament_selection,two_point_crossover,0.6,random_member_gaussian_ball_mutation,None,None,0.9,0.0
<class 'problems.ANNOP.ANNOP'>,112098292576,algorithms.ga_elitism_worst_removal,23,0.11122661122661123,0.08713692946058091,16,tournament_selection,two_point_crossover,0.6,random_member_gaussian_ball_mutation,None,None,0.9,0.0
<class 'problems.ANNOP.ANNOP'>,112098292576,algorithms.ga_elitism_worst_removal,24,0.11122661122661123,0.08713692946058091,16,tournament_selection,two_point_crossover,0.6,random_member_gaussian_ball_mutation,None,None,0.9,0.0
<class 'problems.ANNOP.ANNOP'>,112098292576,algorithms.ga_elitism_worst_removal,25,0.11122661122661123,0.08713692946058091,16,tournament_selection,two_point_crossover,0.6,random_member_gaussian_ball_mutation,None,None,0.9,0.0
<class 'problems.ANNOP.ANNOP'>,112098292576,algorithms.ga_elitism_worst_removal,26,0.11122661122661123,0.08713692946058091,16,tournament_selection,two_point_crossover,0.6,random_member_gaussian_ball_mutation,None,None,0.9,0.0
<class 'problems.ANNOP.ANNOP'>,112098292576,algorithms.ga_elitism_worst_removal,27,0.11122661122661123,0.08713692946058091,16,tournament_selection,two_point_crossover,0.6,random_member_gaussian_ball_mutation,None,None,0.9,0.0
<class 'problems.ANNOP.ANNOP'>,112098292576,algorithms.ga_elitism_worst_removal,28,0.11122661122661123,0.08713692946058091,16,tournament_selection,two_point_crossover,0.6,random_member_gaussian_ball_mutation,None,None,0.9,0.0
<class 'problems.ANNOP.ANNOP'>,112098292576,algorithms.ga_elitism_worst_removal,29,0.11122661122661123,0.08713692946058091,16,tournament_selection,two_point_crossover,0.6,random_member_gaussian_ball_mutation,None,None,0.9,0.0
<class 'problems.ANNOP.ANNOP'>,112098292576,algorithms.ga_elitism_worst_removal,30,0.11122661122661123,0.08713692946058091,16,tournament_selection,two_point_crossover,0.6,random_member_gaussian_ball_mutation,None,None,0.9,0.0
<class 'problems.ANNOP.ANNOP'>,112098292576,algorithms.ga_elitism_worst_removal,31,0.11122661122661123,0.08713692946058091,16,tournament_selection,two_point_crossover,0.6,random_member_gaussian_ball_mutation,None,None,0.9,0.0
<class 'problems.ANNOP.ANNOP'>,112098292576,algorithms.ga_elitism_worst_removal,32,0.11122661122661123,0.08713692946058091,16,tournament_selection,two_point_crossover,0.6,random_member_gaussian_ball_mutation,None,None,0.9,0.0
<class 'problems.ANNOP.ANNOP'>,112098292576,algorithms.ga_elitism_worst_removal,33,0.11122661122661123,0.08713692946058091,16,tournament_selection,two_point_crossover,0.6,random_member_gaussian_ball_mutation,None,None,0.9,0.0
<class 'problems.ANNOP.ANNOP'>,112098292576,algorithms.ga_elitism_worst_removal,34,0.11122661122661123,0.08713692946058091,16,tournament_selection,two_point_crossover,0.6,random_member_gaussian_ball_mutation,None,None,0.9,0.0
<class 'problems.ANNOP.ANNOP'>,112098292576,algorithms.ga_elitism_worst_removal,35,0.11122661122661123,0.08713692946058091,16,tournament_selection,two_point_crossover,0.6,random_member_gaussian_ball_mutation,None,None,0.9,0.0
<class 'problems.ANNOP.ANNOP'>,112098292576,algorithms.ga_elitism_worst_removal,36,0.11122661122661123,0.08713692946058091,16,tournament_selection,two_point_crossover,0.6,random_member_gaussian_ball_mutation,None,None,0.9,0.0
<class 'problems.ANNOP.ANNOP'>,112098292576,algorithms.ga_elitism_worst_removal,37,0.11122661122661123,0.08713692946058091,16,tournament_selection,two_point_crossover,0.6,random_member_gaussian_ball_mutation,None,None,0.9,0.0
<class 'problems.ANNOP.ANNOP'>,112098292576,algorithms.ga_elitism_worst_removal,38,0.11122661122661123,0.08713692946058091,16,tournament_selection,two_point_crossover,0.6,random_member_gaussian_ball_mutation,None,None,0.9,0.0
<class 'problems.ANNOP.ANNOP'>,112098292576,algorithms.ga_elitism_worst_removal,39,0.11122661122661123,0.08713692946058091,16,tournament_selection,two_point_crossover,0.6,random_member_gaussian_ball_mutation,None,None,0.9,0.0
<class 'problems.ANNOP.ANNOP'>,112098292576,algorithms.ga_elitism_worst_removal,40,0.11122661122661123,0.08713692946058091,16,tournament_selection,two_point_crossover,0.6,random_member_gaussian_ball_mutation,None,None,0.9,0.0
<class 'problems.ANNOP.ANNOP'>,112098292576,algorithms.ga_elitism_worst_removal,41,0.11122661122661123,0.08713692946058091,16,tournament_selection,two_point_crossover,0.6,random_member_gaussian_ball_mutation,None,None,0.9,0.0
<class 'problems.ANNOP.ANNOP'>,112098292576,algorithms.ga_elitism_worst_removal,42,0.11122661122661123,0.08713692946058091,16,tournament_selection,two_point_crossover,0.6,random_member_gaussian_ball_mutation,None,None,0.9,0.0
<class 'problems.ANNOP.ANNOP'>,112098292576,algorithms.ga_elitism_worst_removal,43,0.11122661122661123,0.08713692946058091,16,tournament_selection,two_point_crossover,0.6,random_member_gaussian_ball_mutation,None,None,0.9,0.0
<class 'problems.ANNOP.ANNOP'>,112098292576,algorithms.ga_elitism_worst_removal,44,0.11122661122661123,0.08713692946058091,16,tournament_selection,two_point_crossover,0.6,random_member_gaussian_ball_mutation,None,None,0.9,0.0
<class 'problems.ANNOP.ANNOP'>,112098292576,algorithms.ga_elitism_worst_removal,45,0.11122661122661123,0.08713692946058091,16,tournament_selection,two_point_crossover,0.6,random_member_gaussian_ball_mutation,None,None,0.9,0.0
<class 'problems.ANNOP.ANNOP'>,112098292576,algorithms.ga_elitism_worst_removal,46,0.11122661122661123,0.08713692946058091,16,tournament_selection,two_point_crossover,0.6,random_member_gaussian_ball_mutation,None,None,0.9,0.0
<class 'problems.ANNOP.ANNOP'>,112098292576,algorithms.ga_elitism_worst_removal,47,0.11122661122661123,0.08713692946058091,16,tournament_selection,two_point_crossover,0.6,random_member_gaussian_ball_mutation,None,None,0.9,0.0
<class 'problems.ANNOP.ANNOP'>,112098292576,algorithms.ga_elitism_worst_removal,48,0.11122661122661123,0.08713692946058091,16,tournament_selection,two_point_crossover,0.6,random_member_gaussian_ball_mutation,None,None,0.9,0.0
<class 'problems.ANNOP.ANNOP'>,112098292576,algorithms.ga_elitism_worst_removal,49,0.11122661122661123,0.08713692946058091,16,tournament_selection,two_point_crossover,0.6,random_member_gaussian_ball_mutation,None,None,0.9,0.0
<class 'problems.ANNOP.ANNOP'>,112098292576,algorithms.ga_elitism_worst_removal,50,0.11122661122661123,0.08713692946058091,16,tournament_selection,two_point_crossover,0.6,random_member_gaussian_ball_mutation,None,None,0.9,0.0
<class 'problems.ANNOP.ANNOP'>,112098292576,algorithms.ga_elitism_worst_removal,51,0.11122661122661123,0.08713692946058091,16,tournament_selection,two_point_crossover,0.6,random_member_gaussian_ball_mutation,None,None,0.9,0.0
<class 'problems.ANNOP.ANNOP'>,112098292576,algorithms.ga_elitism_worst_removal,52,0.11122661122661123,0.08713692946058091,16,tournament_selection,two_point_crossover,0.6,random_member_gaussian_ball_mutation,None,None,0.9,0.0
<class 'problems.ANNOP.ANNOP'>,112098292576,algorithms.ga_elitism_worst_removal,53,0.11122661122661123,0.08713692946058091,16,tournament_selection,two_point_crossover,0.6,random_member_gaussian_ball_mutation,None,None,0.9,0.0
<class 'problems.ANNOP.ANNOP'>,112098292576,algorithms.ga_elitism_worst_removal,54,0.11122661122661123,0.08713692946058091,16,tournament_selection,two_point_crossover,0.6,random_member_gaussian_ball_mutation,None,None,0.9,0.0
<class 'problems.ANNOP.ANNOP'>,112098292576,algorithms.ga_elitism_worst_removal,55,0.11122661122661123,0.08713692946058091,16,tournament_selection,two_point_crossover,0.6,random_member_gaussian_ball_mutation,None,None,0.9,0.0
<class 'problems.ANNOP.ANNOP'>,112098292576,algorithms.ga_elitism_worst_removal,56,0.11122661122661123,0.08713692946058091,16,tournament_selection,two_point_crossover,0.6,random_member_gaussian_ball_mutation,None,None,0.9,0.0
<class 'problems.ANNOP.ANNOP'>,112098292576,algorithms.ga_elitism_worst_removal,57,0.11122661122661123,0.08713692946058091,16,tournament_selection,two_point_crossover,0.6,random_member_gaussian_ball_mutation,None,None,0.9,0.0
<class 'problems.ANNOP.ANNOP'>,112098292576,algorithms.ga_elitism_worst_removal,58,0.11122661122661123,0.08713692946058091,16,tournament_selection,two_point_crossover,0.6,random_member_gaussian_ball_mutation,None,None,0.9,0.0
<class 'problems.ANNOP.ANNOP'>,112098292576,algorithms.ga_elitism_worst_removal,59,0.11122661122661123,0.08713692946058091,16,tournament_selection,two_point_crossover,0.6,random_member_gaussian_ball_mutation,None,None,0.9,0.0
<class 'problems.ANNOP.ANNOP'>,112098292576,algorithms.ga_elitism_worst_removal,60,0.11122661122661123,0.08713692946058091,16,tournament_selection,two_point_crossover,0.6,random_member_gaussian_ball_mutation,None,None,0.9,0.0
<class 'problems.ANNOP.ANNOP'>,112098292576,algorithms.ga_elitism_worst_removal,61,0.11122661122661123,0.08713692946058091,16,tournament_selection,two_point_crossover,0.6,random_member_gaussian_ball_mutation,None,None,0.9,0.0
<class 'problems.ANNOP.ANNOP'>,112098292576,algorithms.ga_elitism_worst_removal,62,0.11122661122661123,0.08713692946058091,16,tournament_selection,two_point_crossover,0.6,random_member_gaussian_ball_mutation,None,None,0.9,0.0
<class 'problems.ANNOP.ANNOP'>,112098292576,algorithms.ga_elitism_worst_removal,63,0.11122661122661123,0.08713692946058091,16,tournament_selection,two_point_crossover,0.6,random_member_gaussian_ball_mutation,None,None,0.9,0.0
<class 'problems.ANNOP.ANNOP'>,112098292576,algorithms.ga_elitism_worst_removal,64,0.11122661122661123,0.08713692946058091,16,tournament_selection,two_point_crossover,0.6,random_member_gaussian_ball_mutation,None,None,0.9,0.0
<class 'problems.ANNOP.ANNOP'>,112098292576,algorithms.ga_elitism_worst_removal,65,0.11122661122661123,0.08713692946058091,16,tournament_selection,two_point_crossover,0.6,random_member_gaussian_ball_mutation,None,None,0.9,0.0
<class 'problems.ANNOP.ANNOP'>,112098292576,algorithms.ga_elitism_worst_removal,66,0.11122661122661123,0.08713692946058091,16,tournament_selection,two_point_crossover,0.6,random_member_gaussian_ball_mutation,None,None,0.9,0.0
<class 'problems.ANNOP.ANNOP'>,112098292576,algorithms.ga_elitism_worst_removal,67,0.11122661122661123,0.08713692946058091,16,tournament_selection,two_point_crossover,0.6,random_member_gaussian_ball_mutation,None,None,0.9,0.0
<class 'problems.ANNOP.ANNOP'>,112098292576,algorithms.ga_elitism_worst_removal,68,0.11122661122661123,0.08713692946058091,16,tournament_selection,two_point_crossover,0.6,random_member_gaussian_ball_mutation,None,None,0.9,0.0
<class 'problems.ANNOP.ANNOP'>,112098292576,algorithms.ga_elitism_worst_removal,69,0.11122661122661123,0.08713692946058091,16,tournament_selection,two_point_crossover,0.6,random_member_gaussian_ball_mutation,None,None,0.9,0.0
<class 'problems.ANNOP.ANNOP'>,112098292576,algorithms.ga_elitism_worst_removal,70,0.11122661122661123,0.08713692946058091,16,tournament_selection,two_point_crossover,0.6,random_member_gaussian_ball_mutation,None,None,0.9,0.0
<class 'problems.ANNOP.ANNOP'>,112098292576,algorithms.ga_elitism_worst_removal,71,0.11122661122661123,0.08713692946058091,16,tournament_selection,two_point_crossover,0.6,random_member_gaussian_ball_mutation,None,None,0.9,0.0
<class 'problems.ANNOP.ANNOP'>,112098292576,algorithms.ga_elitism_worst_removal,72,0.11122661122661123,0.08713692946058091,16,tournament_selection,two_point_crossover,0.6,random_member_gaussian_ball_mutation,None,None,0.9,0.0
<class 'problems.ANNOP.ANNOP'>,112098292576,algorithms.ga_elitism_worst_removal,73,0.11122661122661123,0.08713692946058091,16,tournament_selection,two_point_crossover,0.6,random_member_gaussian_ball_mutation,None,None,0.9,0.0
<class 'problems.ANNOP.ANNOP'>,112098292576,algorithms.ga_elitism_worst_removal,74,0.11122661122661123,0.08713692946058091,16,tournament_selection,two_point_crossover,0.6,random_member_gaussian_ball_mutation,None,None,0.9,0.0
<class 'problems.ANNOP.ANNOP'>,112098292576,algorithms.ga_elitism_worst_removal,75,0.11122661122661123,0.08713692946058091,16,tournament_selection,two_point_crossover,0.6,random_member_gaussian_ball_mutation,None,None,0.9,0.0
<class 'problems.ANNOP.ANNOP'>,112098292576,algorithms.ga_elitism_worst_removal,76,0.11122661122661123,0.08713692946058091,16,tournament_selection,two_point_crossover,0.6,random_member_gaussian_ball_mutation,None,None,0.9,0.0
<class 'problems.ANNOP.ANNOP'>,112098292576,algorithms.ga_elitism_worst_removal,77,0.11122661122661123,0.08713692946058091,16,tournament_selection,two_point_crossover,0.6,random_member_gaussian_ball_mutation,None,None,0.9,0.0
<class 'problems.ANNOP.ANNOP'>,112098292576,algorithms.ga_elitism_worst_removal,78,0.11122661122661123,0.08713692946058091,16,tournament_selection,two_point_crossover,0.6,random_member_gaussian_ball_mutation,None,None,0.9,0.0
<class 'problems.ANNOP.ANNOP'>,112098292576,algorithms.ga_elitism_worst_removal,79,0.11122661122661123,0.08713692946058091,16,tournament_selection,two_point_crossover,0.6,random_member_gaussian_ball_mutation,None,None,0.9,0.0
<class 'problems.ANNOP.ANNOP'>,112098292576,algorithms.ga_elitism_worst_removal,80,0.11122661122661123,0.08713692946058091,16,tournament_selection,two_point_crossover,0.6,random_member_gaussian_ball_mutation,None,None,0.9,0.0
<class 'problems.ANNOP.ANNOP'>,112098292576,algorithms.ga_elitism_worst_removal,81,0.11122661122661123,0.08713692946058091,16,tournament_selection,two_point_crossover,0.6,random_member_gaussian_ball_mutation,None,None,0.9,0.0
<class 'problems.ANNOP.ANNOP'>,112098292576,algorithms.ga_elitism_worst_removal,82,0.11122661122661123,0.08713692946058091,16,tournament_selection,two_point_crossover,0.6,random_member_gaussian_ball_mutation,None,None,0.9,0.0
<class 'problems.ANNOP.ANNOP'>,112098292576,algorithms.ga_elitism_worst_removal,83,0.11122661122661123,0.08713692946058091,16,tournament_selection,two_point_crossover,0.6,random_member_gaussian_ball_mutation,None,None,0.9,0.0
<class 'problems.ANNOP.ANNOP'>,112098292576,algorithms.ga_elitism_worst_removal,84,0.11122661122661123,0.08713692946058091,16,tournament_selection,two_point_crossover,0.6,random_member_gaussian_ball_mutation,None,None,0.9,0.0
<class 'problems.ANNOP.ANNOP'>,112098292576,algorithms.ga_elitism_worst_removal,85,0.11122661122661123,0.08713692946058091,16,tournament_selection,two_point_crossover,0.6,random_member_gaussian_ball_mutation,None,None,0.9,0.0
<class 'problems.ANNOP.ANNOP'>,112098292576,algorithms.ga_elitism_worst_removal,86,0.11122661122661123,0.08713692946058091,16,tournament_selection,two_point_crossover,0.6,random_member_gaussian_ball_mutation,None,None,0.9,0.0
<class 'problems.ANNOP.ANNOP'>,112098292576,algorithms.ga_elitism_worst_removal,87,0.11122661122661123,0.08713692946058091,16,tournament_selection,two_point_crossover,0.6,random_member_gaussian_ball_mutation,None,None,0.9,0.0
<class 'problems.ANNOP.ANNOP'>,112098292576,algorithms.ga_elitism_worst_removal,88,0.11122661122661123,0.08713692946058091,16,tournament_selection,two_point_crossover,0.6,random_member_gaussian_ball_mutation,None,None,0.9,0.0
<class 'problems.ANNOP.ANNOP'>,112098292576,algorithms.ga_elitism_worst_removal,89,0.11122661122661123,0.08713692946058091,16,tournament_selection,two_point_crossover,0.6,random_member_gaussian_ball_mutation,None,None,0.9,0.0
<class 'problems.ANNOP.ANNOP'>,112098292576,algorithms.ga_elitism_worst_removal,90,0.11122661122661123,0.08713692946058091,16,tournament_selection,two_point_crossover,0.6,random_member_gaussian_ball_mutation,None,None,0.9,0.0
<class 'problems.ANNOP.ANNOP'>,112098292576,algorithms.ga_elitism_worst_removal,91,0.11122661122661123,0.08713692946058091,16,tournament_selection,two_point_crossover,0.6,random_member_gaussian_ball_mutation,None,None,0.9,0.0
<class 'problems.ANNOP.ANNOP'>,112098292576,algorithms.ga_elitism_worst_removal,92,0.11122661122661123,0.08713692946058091,16,tournament_selection,two_point_crossover,0.6,random_member_gaussian_ball_mutation,None,None,0.9,0.0
<class 'problems.ANNOP.ANNOP'>,112098292576,algorithms.ga_elitism_worst_removal,93,0.11122661122661123,0.08713692946058091,16,tournament_selection,two_point_crossover,0.6,random_member_gaussian_ball_mutation,None,None,0.9,0.0
<class 'problems.ANNOP.ANNOP'>,112098292576,algorithms.ga_elitism_worst_removal,94,0.11122661122661123,0.08713692946058091,16,tournament_selection,two_point_crossover,0.6,random_member_gaussian_ball_mutation,None,None,0.9,0.0
<class 'problems.ANNOP.ANNOP'>,112098292576,algorithms.ga_elitism_worst_removal,95,0.11122661122661123,0.08713692946058091,16,tournament_selection,two_point_crossover,0.6,random_member_gaussian_ball_mutation,None,None,0.9,0.0
<class 'problems.ANNOP.ANNOP'>,112098292576,algorithms.ga_elitism_worst_removal,96,0.11122661122661123,0.08713692946058091,16,tournament_selection,two_point_crossover,0.6,random_member_gaussian_ball_mutation,None,None,0.9,0.0
<class 'problems.ANNOP.ANNOP'>,112098292576,algorithms.ga_elitism_worst_removal,97,0.11122661122661123,0.08713692946058091,16,tournament_selection,two_point_crossover,0.6,random_member_gaussian_ball_mutation,None,None,0.9,0.0
<class 'problems.ANNOP.ANNOP'>,112098292576,algorithms.ga_elitism_worst_removal,98,0.11122661122661123,0.08713692946058091,16,tournament_selection,two_point_crossover,0.6,random_member_gaussian_ball_mutation,None,None,0.9,0.0
<class 'problems.ANNOP.ANNOP'>,112098292576,algorithms.ga_elitism_worst_removal,99,0.11122661122661123,0.08713692946058091,16,tournament_selection,two_point_crossover,0.6,random_member_gaussian_ball_mutation,None,None,0.9,0.0
<class 'problems.ANNOP.ANNOP'>,112098292576,algorithms.ga_elitism_worst_removal,100,0.11122661122661123,0.08713692946058091,16,tournament_selection,two_point_crossover,0.6,random_member_gaussian_ball_mutation,None,None,0.9,0.0
<class 'problems.ANNOP.ANNOP'>,112098292576,algorithms.ga_elitism_worst_removal,101,0.11122661122661123,0.08713692946058091,16,tournament_selection,two_point_crossover,0.6,random_member_gaussian_ball_mutation,None,None,0.9,0.0
<class 'problems.ANNOP.ANNOP'>,112098292576,algorithms.ga_elitism_worst_removal,102,0.11122661122661123,0.08713692946058091,16,tournament_selection,two_point_crossover,0.6,random_member_gaussian_ball_mutation,None,None,0.9,0.0
<class 'problems.ANNOP.ANNOP'>,112098292576,algorithms.ga_elitism_worst_removal,103,0.11122661122661123,0.08713692946058091,16,tournament_selection,two_point_crossover,0.6,random_member_gaussian_ball_mutation,None,None,0.9,0.0
<class 'problems.ANNOP.ANNOP'>,112098292576,algorithms.ga_elitism_worst_removal,104,0.11122661122661123,0.08713692946058091,16,tournament_selection,two_point_crossover,0.6,random_member_gaussian_ball_mutation,None,None,0.9,0.0
<class 'problems.ANNOP.ANNOP'>,112098292576,algorithms.ga_elitism_worst_removal,105,0.11122661122661123,0.08713692946058091,16,tournament_selection,two_point_crossover,0.6,random_member_gaussian_ball_mutation,None,None,0.9,0.0
<class 'problems.ANNOP.ANNOP'>,112098292576,algorithms.ga_elitism_worst_removal,106,0.11122661122661123,0.08713692946058091,16,tournament_selection,two_point_crossover,0.6,random_member_gaussian_ball_mutation,None,None,0.9,0.0
<class 'problems.ANNOP.ANNOP'>,112098292576,algorithms.ga_elitism_worst_removal,107,0.11122661122661123,0.08713692946058091,16,tournament_selection,two_point_crossover,0.6,random_member_gaussian_ball_mutation,None,None,0.9,0.0
<class 'problems.ANNOP.ANNOP'>,112098292576,algorithms.ga_elitism_worst_removal,108,0.11122661122661123,0.08713692946058091,16,tournament_selection,two_point_crossover,0.6,random_member_gaussian_ball_mutation,None,None,0.9,0.0
<class 'problems.ANNOP.ANNOP'>,112098292576,algorithms.ga_elitism_worst_removal,109,0.11122661122661123,0.08713692946058091,16,tournament_selection,two_point_crossover,0.6,random_member_gaussian_ball_mutation,None,None,0.9,0.0
<class 'problems.ANNOP.ANNOP'>,112098292576,algorithms.ga_elitism_worst_removal,110,0.11122661122661123,0.08713692946058091,16,tournament_selection,two_point_crossover,0.6,random_member_gaussian_ball_mutation,None,None,0.9,0.0
<class 'problems.ANNOP.ANNOP'>,112098292576,algorithms.ga_elitism_worst_removal,111,0.11122661122661123,0.08713692946058091,16,tournament_selection,two_point_crossover,0.6,random_member_gaussian_ball_mutation,None,None,0.9,0.0
<class 'problems.ANNOP.ANNOP'>,112098292576,algorithms.ga_elitism_worst_removal,112,0.11122661122661123,0.08713692946058091,16,tournament_selection,two_point_crossover,0.6,random_member_gaussian_ball_mutation,None,None,0.9,0.0
<class 'problems.ANNOP.ANNOP'>,112098292576,algorithms.ga_elitism_worst_removal,113,0.11122661122661123,0.08713692946058091,16,tournament_selection,two_point_crossover,0.6,random_member_gaussian_ball_mutation,None,None,0.9,0.0
<class 'problems.ANNOP.ANNOP'>,112098292576,algorithms.ga_elitism_worst_removal,114,0.11122661122661123,0.08713692946058091,16,tournament_selection,two_point_crossover,0.6,random_member_gaussian_ball_mutation,None,None,0.9,0.0
<class 'problems.ANNOP.ANNOP'>,112098292576,algorithms.ga_elitism_worst_removal,115,0.11122661122661123,0.08713692946058091,16,tournament_selection,two_point_crossover,0.6,random_member_gaussian_ball_mutation,None,None,0.9,0.0
<class 'problems.ANNOP.ANNOP'>,112098292576,algorithms.ga_elitism_worst_removal,116,0.11122661122661123,0.08713692946058091,16,tournament_selection,two_point_crossover,0.6,random_member_gaussian_ball_mutation,None,None,0.9,0.0
<class 'problems.ANNOP.ANNOP'>,112098292576,algorithms.ga_elitism_worst_removal,117,0.11122661122661123,0.08713692946058091,16,tournament_selection,two_point_crossover,0.6,random_member_gaussian_ball_mutation,None,None,0.9,0.0
<class 'problems.ANNOP.ANNOP'>,112098292576,algorithms.ga_elitism_worst_removal,118,0.11122661122661123,0.08713692946058091,16,tournament_selection,two_point_crossover,0.6,random_member_gaussian_ball_mutation,None,None,0.9,0.0
<class 'problems.ANNOP.ANNOP'>,112098292576,algorithms.ga_elitism_worst_removal,119,0.11122661122661123,0.08713692946058091,16,tournament_selection,two_point_crossover,0.6,random_member_gaussian_ball_mutation,None,None,0.9,0.0
<class 'problems.ANNOP.ANNOP'>,112098292576,algorithms.ga_elitism_worst_removal,120,0.11122661122661123,0.08713692946058091,16,tournament_selection,two_point_crossover,0.6,random_member_gaussian_ball_mutation,None,None,0.9,0.0
<class 'problems.ANNOP.ANNOP'>,112098292576,algorithms.ga_elitism_worst_removal,121,0.11122661122661123,0.08713692946058091,16,tournament_selection,two_point_crossover,0.6,random_member_gaussian_ball_mutation,None,None,0.9,0.0
<class 'problems.ANNOP.ANNOP'>,112098292576,algorithms.ga_elitism_worst_removal,122,0.11122661122661123,0.08713692946058091,16,tournament_selection,two_point_crossover,0.6,random_member_gaussian_ball_mutation,None,None,0.9,0.0
<class 'problems.ANNOP.ANNOP'>,112098292576,algorithms.ga_elitism_worst_removal,123,0.11122661122661123,0.08713692946058091,16,tournament_selection,two_point_crossover,0.6,random_member_gaussian_ball_mutation,None,None,0.9,0.0
<class 'problems.ANNOP.ANNOP'>,112098292576,algorithms.ga_elitism_worst_removal,124,0.11122661122661123,0.08713692946058091,16,tournament_selection,two_point_crossover,0.6,random_member_gaussian_ball_mutation,None,None,0.9,0.0
<class 'problems.ANNOP.ANNOP'>,112098292576,algorithms.ga_elitism_worst_removal,125,0.11122661122661123,0.08713692946058091,16,tournament_selection,two_point_crossover,0.6,random_member_gaussian_ball_mutation,None,None,0.9,0.0
<class 'problems.ANNOP.ANNOP'>,112098292576,algorithms.ga_elitism_worst_removal,126,0.11122661122661123,0.08713692946058091,16,tournament_selection,two_point_crossover,0.6,random_member_gaussian_ball_mutation,None,None,0.9,0.0
<class 'problems.ANNOP.ANNOP'>,112098292576,algorithms.ga_elitism_worst_removal,127,0.11122661122661123,0.08713692946058091,16,tournament_selection,two_point_crossover,0.6,random_member_gaussian_ball_mutation,None,None,0.9,0.0
<class 'problems.ANNOP.ANNOP'>,112098292576,algorithms.ga_elitism_worst_removal,128,0.11122661122661123,0.08713692946058091,16,tournament_selection,two_point_crossover,0.6,random_member_gaussian_ball_mutation,None,None,0.9,0.0
<class 'problems.ANNOP.ANNOP'>,112098292576,algorithms.ga_elitism_worst_removal,129,0.11122661122661123,0.08713692946058091,16,tournament_selection,two_point_crossover,0.6,random_member_gaussian_ball_mutation,None,None,0.9,0.0
<class 'problems.ANNOP.ANNOP'>,112098292576,algorithms.ga_elitism_worst_removal,130,0.11122661122661123,0.08713692946058091,16,tournament_selection,two_point_crossover,0.6,random_member_gaussian_ball_mutation,None,None,0.9,0.0
<class 'problems.ANNOP.ANNOP'>,112098292576,algorithms.ga_elitism_worst_removal,131,0.11122661122661123,0.08713692946058091,16,tournament_selection,two_point_crossover,0.6,random_member_gaussian_ball_mutation,None,None,0.9,0.0
<class 'problems.ANNOP.ANNOP'>,112098292576,algorithms.ga_elitism_worst_removal,132,0.11122661122661123,0.08713692946058091,16,tournament_selection,two_point_crossover,0.6,random_member_gaussian_ball_mutation,None,None,0.9,0.0
<class 'problems.ANNOP.ANNOP'>,112098292576,algorithms.ga_elitism_worst_removal,133,0.11122661122661123,0.08713692946058091,16,tournament_selection,two_point_crossover,0.6,random_member_gaussian_ball_mutation,None,None,0.9,0.0
<class 'problems.ANNOP.ANNOP'>,112098292576,algorithms.ga_elitism_worst_removal,134,0.11122661122661123,0.08713692946058091,16,tournament_selection,two_point_crossover,0.6,random_member_gaussian_ball_mutation,None,None,0.9,0.0
<class 'problems.ANNOP.ANNOP'>,112098292576,algorithms.ga_elitism_worst_removal,135,0.11122661122661123,0.08713692946058091,16,tournament_selection,two_point_crossover,0.6,random_member_gaussian_ball_mutation,None,None,0.9,0.0
<class 'problems.ANNOP.ANNOP'>,112098292576,algorithms.ga_elitism_worst_removal,136,0.11122661122661123,0.08713692946058091,16,tournament_selection,two_point_crossover,0.6,random_member_gaussian_ball_mutation,None,None,0.9,0.0
<class 'problems.ANNOP.ANNOP'>,112098292576,algorithms.ga_elitism_worst_removal,137,0.11122661122661123,0.08713692946058091,16,tournament_selection,two_point_crossover,0.6,random_member_gaussian_ball_mutation,None,None,0.9,0.0
<class 'problems.ANNOP.ANNOP'>,112098292576,algorithms.ga_elitism_worst_removal,138,0.11122661122661123,0.08713692946058091,16,tournament_selection,two_point_crossover,0.6,random_member_gaussian_ball_mutation,None,None,0.9,0.0
<class 'problems.ANNOP.ANNOP'>,112098292576,algorithms.ga_elitism_worst_removal,139,0.11122661122661123,0.08713692946058091,16,tournament_selection,two_point_crossover,0.6,random_member_gaussian_ball_mutation,None,None,0.9,0.0
<class 'problems.ANNOP.ANNOP'>,112098292576,algorithms.ga_elitism_worst_removal,140,0.11122661122661123,0.08713692946058091,16,tournament_selection,two_point_crossover,0.6,random_member_gaussian_ball_mutation,None,None,0.9,0.0
<class 'problems.ANNOP.ANNOP'>,112098292576,algorithms.ga_elitism_worst_removal,141,0.11122661122661123,0.08713692946058091,16,tournament_selection,two_point_crossover,0.6,random_member_gaussian_ball_mutation,None,None,0.9,0.0
<class 'problems.ANNOP.ANNOP'>,112098292576,algorithms.ga_elitism_worst_removal,142,0.11122661122661123,0.08713692946058091,16,tournament_selection,two_point_crossover,0.6,random_member_gaussian_ball_mutation,None,None,0.9,0.0
<class 'problems.ANNOP.ANNOP'>,112098292576,algorithms.ga_elitism_worst_removal,143,0.11122661122661123,0.08713692946058091,16,tournament_selection,two_point_crossover,0.6,random_member_gaussian_ball_mutation,None,None,0.9,0.0
<class 'problems.ANNOP.ANNOP'>,112098292576,algorithms.ga_elitism_worst_removal,144,0.11122661122661123,0.08713692946058091,16,tournament_selection,two_point_crossover,0.6,random_member_gaussian_ball_mutation,None,None,0.9,0.0
<class 'problems.ANNOP.ANNOP'>,112098292576,algorithms.ga_elitism_worst_removal,145,0.11122661122661123,0.08713692946058091,16,tournament_selection,two_point_crossover,0.6,random_member_gaussian_ball_mutation,None,None,0.9,0.0
<class 'problems.ANNOP.ANNOP'>,112098292576,algorithms.ga_elitism_worst_removal,146,0.11122661122661123,0.08713692946058091,16,tournament_selection,two_point_crossover,0.6,random_member_gaussian_ball_mutation,None,None,0.9,0.0
<class 'problems.ANNOP.ANNOP'>,112098292576,algorithms.ga_elitism_worst_removal,147,0.11122661122661123,0.08713692946058091,16,tournament_selection,two_point_crossover,0.6,random_member_gaussian_ball_mutation,None,None,0.9,0.0
<class 'problems.ANNOP.ANNOP'>,112098292576,algorithms.ga_elitism_worst_removal,148,0.11122661122661123,0.08713692946058091,16,tournament_selection,two_point_crossover,0.6,random_member_gaussian_ball_mutation,None,None,0.9,0.0
<class 'problems.ANNOP.ANNOP'>,112098292576,algorithms.ga_elitism_worst_removal,149,0.11122661122661123,0.08713692946058091,16,tournament_selection,two_point_crossover,0.6,random_member_gaussian_ball_mutation,None,None,0.9,0.0
<class 'problems.ANNOP.ANNOP'>,112098292576,algorithms.ga_elitism_worst_removal,150,0.11122661122661123,0.08713692946058091,16,tournament_selection,two_point_crossover,0.6,random_member_gaussian_ball_mutation,None,None,0.9,0.0
<class 'problems.ANNOP.ANNOP'>,112098292576,algorithms.ga_elitism_worst_removal,151,0.11122661122661123,0.08713692946058091,16,tournament_selection,two_point_crossover,0.6,random_member_gaussian_ball_mutation,None,None,0.9,0.0
<class 'problems.ANNOP.ANNOP'>,112098292576,algorithms.ga_elitism_worst_removal,152,0.11122661122661123,0.08713692946058091,16,tournament_selection,two_point_crossover,0.6,random_member_gaussian_ball_mutation,None,None,0.9,0.0
<class 'problems.ANNOP.ANNOP'>,112098292576,algorithms.ga_elitism_worst_removal,153,0.11122661122661123,0.08713692946058091,16,tournament_selection,two_point_crossover,0.6,random_member_gaussian_ball_mutation,None,None,0.9,0.0
<class 'problems.ANNOP.ANNOP'>,112098292576,algorithms.ga_elitism_worst_removal,154,0.11122661122661123,0.08713692946058091,16,tournament_selection,two_point_crossover,0.6,random_member_gaussian_ball_mutation,None,None,0.9,0.0
<class 'problems.ANNOP.ANNOP'>,112098292576,algorithms.ga_elitism_worst_removal,155,0.11122661122661123,0.08713692946058091,16,tournament_selection,two_point_crossover,0.6,random_member_gaussian_ball_mutation,None,None,0.9,0.0
<class 'problems.ANNOP.ANNOP'>,112098292576,algorithms.ga_elitism_worst_removal,156,0.11122661122661123,0.08713692946058091,16,tournament_selection,two_point_crossover,0.6,random_member_gaussian_ball_mutation,None,None,0.9,0.0
<class 'problems.ANNOP.ANNOP'>,112098292576,algorithms.ga_elitism_worst_removal,157,0.11122661122661123,0.08713692946058091,16,tournament_selection,two_point_crossover,0.6,random_member_gaussian_ball_mutation,None,None,0.9,0.0
<class 'problems.ANNOP.ANNOP'>,112098292576,algorithms.ga_elitism_worst_removal,158,0.11122661122661123,0.08713692946058091,16,tournament_selection,two_point_crossover,0.6,random_member_gaussian_ball_mutation,None,None,0.9,0.0
<class 'problems.ANNOP.ANNOP'>,112098292576,algorithms.ga_elitism_worst_removal,159,0.11122661122661123,0.08713692946058091,16,tournament_selection,two_point_crossover,0.6,random_member_gaussian_ball_mutation,None,None,0.9,0.0
<class 'problems.ANNOP.ANNOP'>,112098292576,algorithms.ga_elitism_worst_removal,160,0.11122661122661123,0.08713692946058091,16,tournament_selection,two_point_crossover,0.6,random_member_gaussian_ball_mutation,None,None,0.9,0.0
<class 'problems.ANNOP.ANNOP'>,112098292576,algorithms.ga_elitism_worst_removal,161,0.11122661122661123,0.08713692946058091,16,tournament_selection,two_point_crossover,0.6,random_member_gaussian_ball_mutation,None,None,0.9,0.0
<class 'problems.ANNOP.ANNOP'>,112098292576,algorithms.ga_elitism_worst_removal,162,0.11122661122661123,0.08713692946058091,16,tournament_selection,two_point_crossover,0.6,random_member_gaussian_ball_mutation,None,None,0.9,0.0
<class 'problems.ANNOP.ANNOP'>,112098292576,algorithms.ga_elitism_worst_removal,163,0.11122661122661123,0.08713692946058091,16,tournament_selection,two_point_crossover,0.6,random_member_gaussian_ball_mutation,None,None,0.9,0.0
<class 'problems.ANNOP.ANNOP'>,112098292576,algorithms.ga_elitism_worst_removal,164,0.11122661122661123,0.08713692946058091,16,tournament_selection,two_point_crossover,0.6,random_member_gaussian_ball_mutation,None,None,0.9,0.0
<class 'problems.ANNOP.ANNOP'>,112098292576,algorithms.ga_elitism_worst_removal,165,0.11122661122661123,0.08713692946058091,16,tournament_selection,two_point_crossover,0.6,random_member_gaussian_ball_mutation,None,None,0.9,0.0
<class 'problems.ANNOP.ANNOP'>,112098292576,algorithms.ga_elitism_worst_removal,166,0.11122661122661123,0.08713692946058091,16,tournament_selection,two_point_crossover,0.6,random_member_gaussian_ball_mutation,None,None,0.9,0.0
<class 'problems.ANNOP.ANNOP'>,112098292576,algorithms.ga_elitism_worst_removal,167,0.11122661122661123,0.08713692946058091,16,tournament_selection,two_point_crossover,0.6,random_member_gaussian_ball_mutation,None,None,0.9,0.0
<class 'problems.ANNOP.ANNOP'>,112098292576,algorithms.ga_elitism_worst_removal,168,0.11122661122661123,0.08713692946058091,16,tournament_selection,two_point_crossover,0.6,random_member_gaussian_ball_mutation,None,None,0.9,0.0
<class 'problems.ANNOP.ANNOP'>,112098292576,algorithms.ga_elitism_worst_removal,169,0.11122661122661123,0.08713692946058091,16,tournament_selection,two_point_crossover,0.6,random_member_gaussian_ball_mutation,None,None,0.9,0.0
<class 'problems.ANNOP.ANNOP'>,112098292576,algorithms.ga_elitism_worst_removal,170,0.11122661122661123,0.08713692946058091,16,tournament_selection,two_point_crossover,0.6,random_member_gaussian_ball_mutation,None,None,0.9,0.0
<class 'problems.ANNOP.ANNOP'>,112098292576,algorithms.ga_elitism_worst_removal,171,0.11122661122661123,0.08713692946058091,16,tournament_selection,two_point_crossover,0.6,random_member_gaussian_ball_mutation,None,None,0.9,0.0
<class 'problems.ANNOP.ANNOP'>,112098292576,algorithms.ga_elitism_worst_removal,172,0.11122661122661123,0.08713692946058091,16,tournament_selection,two_point_crossover,0.6,random_member_gaussian_ball_mutation,None,None,0.9,0.0
<class 'problems.ANNOP.ANNOP'>,112098292576,algorithms.ga_elitism_worst_removal,173,0.11122661122661123,0.08713692946058091,16,tournament_selection,two_point_crossover,0.6,random_member_gaussian_ball_mutation,None,None,0.9,0.0
<class 'problems.ANNOP.ANNOP'>,112098292576,algorithms.ga_elitism_worst_removal,174,0.11122661122661123,0.08713692946058091,16,tournament_selection,two_point_crossover,0.6,random_member_gaussian_ball_mutation,None,None,0.9,0.0
<class 'problems.ANNOP.ANNOP'>,112098292576,algorithms.ga_elitism_worst_removal,175,0.11122661122661123,0.08713692946058091,16,tournament_selection,two_point_crossover,0.6,random_member_gaussian_ball_mutation,None,None,0.9,0.0
<class 'problems.ANNOP.ANNOP'>,112098292576,algorithms.ga_elitism_worst_removal,176,0.11122661122661123,0.08713692946058091,16,tournament_selection,two_point_crossover,0.6,random_member_gaussian_ball_mutation,None,None,0.9,0.0
<class 'problems.ANNOP.ANNOP'>,112098292576,algorithms.ga_elitism_worst_removal,177,0.11122661122661123,0.08713692946058091,16,tournament_selection,two_point_crossover,0.6,random_member_gaussian_ball_mutation,None,None,0.9,0.0
<class 'problems.ANNOP.ANNOP'>,112098292576,algorithms.ga_elitism_worst_removal,178,0.11122661122661123,0.08713692946058091,16,tournament_selection,two_point_crossover,0.6,random_member_gaussian_ball_mutation,None,None,0.9,0.0
<class 'problems.ANNOP.ANNOP'>,112098292576,algorithms.ga_elitism_worst_removal,179,0.11122661122661123,0.08713692946058091,16,tournament_selection,two_point_crossover,0.6,random_member_gaussian_ball_mutation,None,None,0.9,0.0
<class 'problems.ANNOP.ANNOP'>,112098292576,algorithms.ga_elitism_worst_removal,180,0.11122661122661123,0.08713692946058091,16,tournament_selection,two_point_crossover,0.6,random_member_gaussian_ball_mutation,None,None,0.9,0.0
<class 'problems.ANNOP.ANNOP'>,112098292576,algorithms.ga_elitism_worst_removal,181,0.11122661122661123,0.08713692946058091,16,tournament_selection,two_point_crossover,0.6,random_member_gaussian_ball_mutation,None,None,0.9,0.0
<class 'problems.ANNOP.ANNOP'>,112098292576,algorithms.ga_elitism_worst_removal,182,0.11122661122661123,0.08713692946058091,16,tournament_selection,two_point_crossover,0.6,random_member_gaussian_ball_mutation,None,None,0.9,0.0
<class 'problems.ANNOP.ANNOP'>,112098292576,algorithms.ga_elitism_worst_removal,183,0.11122661122661123,0.08713692946058091,16,tournament_selection,two_point_crossover,0.6,random_member_gaussian_ball_mutation,None,None,0.9,0.0
<class 'problems.ANNOP.ANNOP'>,112098292576,algorithms.ga_elitism_worst_removal,184,0.11122661122661123,0.08713692946058091,16,tournament_selection,two_point_crossover,0.6,random_member_gaussian_ball_mutation,None,None,0.9,0.0
<class 'problems.ANNOP.ANNOP'>,112098292576,algorithms.ga_elitism_worst_removal,185,0.11122661122661123,0.08713692946058091,16,tournament_selection,two_point_crossover,0.6,random_member_gaussian_ball_mutation,None,None,0.9,0.0
<class 'problems.ANNOP.ANNOP'>,112098292576,algorithms.ga_elitism_worst_removal,186,0.11122661122661123,0.08713692946058091,16,tournament_selection,two_point_crossover,0.6,random_member_gaussian_ball_mutation,None,None,0.9,0.0
<class 'problems.ANNOP.ANNOP'>,112098292576,algorithms.ga_elitism_worst_removal,187,0.11122661122661123,0.08713692946058091,16,tournament_selection,two_point_crossover,0.6,random_member_gaussian_ball_mutation,None,None,0.9,0.0
<class 'problems.ANNOP.ANNOP'>,112098292576,algorithms.ga_elitism_worst_removal,188,0.11122661122661123,0.08713692946058091,16,tournament_selection,two_point_crossover,0.6,random_member_gaussian_ball_mutation,None,None,0.9,0.0
<class 'problems.ANNOP.ANNOP'>,112098292576,algorithms.ga_elitism_worst_removal,189,0.11122661122661123,0.08713692946058091,16,tournament_selection,two_point_crossover,0.6,random_member_gaussian_ball_mutation,None,None,0.9,0.0
<class 'problems.ANNOP.ANNOP'>,112098292576,algorithms.ga_elitism_worst_removal,190,0.11122661122661123,0.08713692946058091,16,tournament_selection,two_point_crossover,0.6,random_member_gaussian_ball_mutation,None,None,0.9,0.0
<class 'problems.ANNOP.ANNOP'>,112098292576,algorithms.ga_elitism_worst_removal,191,0.11122661122661123,0.08713692946058091,16,tournament_selection,two_point_crossover,0.6,random_member_gaussian_ball_mutation,None,None,0.9,0.0
<class 'problems.ANNOP.ANNOP'>,112098292576,algorithms.ga_elitism_worst_removal,192,0.11122661122661123,0.08713692946058091,16,tournament_selection,two_point_crossover,0.6,random_member_gaussian_ball_mutation,None,None,0.9,0.0
<class 'problems.ANNOP.ANNOP'>,112098292576,algorithms.ga_elitism_worst_removal,193,0.11122661122661123,0.08713692946058091,16,tournament_selection,two_point_crossover,0.6,random_member_gaussian_ball_mutation,None,None,0.9,0.0
<class 'problems.ANNOP.ANNOP'>,112098292576,algorithms.ga_elitism_worst_removal,194,0.11122661122661123,0.08713692946058091,16,tournament_selection,two_point_crossover,0.6,random_member_gaussian_ball_mutation,None,None,0.9,0.0
<class 'problems.ANNOP.ANNOP'>,112098292576,algorithms.ga_elitism_worst_removal,195,0.11122661122661123,0.08713692946058091,16,tournament_selection,two_point_crossover,0.6,random_member_gaussian_ball_mutation,None,None,0.9,0.0
<class 'problems.ANNOP.ANNOP'>,112098292576,algorithms.ga_elitism_worst_removal,196,0.11122661122661123,0.08713692946058091,16,tournament_selection,two_point_crossover,0.6,random_member_gaussian_ball_mutation,None,None,0.9,0.0
<class 'problems.ANNOP.ANNOP'>,112098292576,algorithms.ga_elitism_worst_removal,197,0.11122661122661123,0.08713692946058091,16,tournament_selection,two_point_crossover,0.6,random_member_gaussian_ball_mutation,None,None,0.9,0.0
<class 'problems.ANNOP.ANNOP'>,112098292576,algorithms.ga_elitism_worst_removal,198,0.11122661122661123,0.08713692946058091,16,tournament_selection,two_point_crossover,0.6,random_member_gaussian_ball_mutation,None,None,0.9,0.0
<class 'problems.ANNOP.ANNOP'>,112098292576,algorithms.ga_elitism_worst_removal,199,0.11122661122661123,0.08713692946058091,16,tournament_selection,two_point_crossover,0.6,random_member_gaussian_ball_mutation,None,None,0.9,0.0
<class 'problems.ANNOP.ANNOP'>,112098292576,algorithms.ga_elitism_worst_removal,200,0.11122661122661123,0.08713692946058091,16,tournament_selection,two_point_crossover,0.6,random_member_gaussian_ball_mutation,None,None,0.9,0.0
<class 'problems.ANNOP.ANNOP'>,112098292576,algorithms.ga_elitism_worst_removal,201,0.11122661122661123,0.08713692946058091,16,tournament_selection,two_point_crossover,0.6,random_member_gaussian_ball_mutation,None,None,0.9,0.0
<class 'problems.ANNOP.ANNOP'>,112098292576,algorithms.ga_elitism_worst_removal,202,0.11122661122661123,0.08713692946058091,16,tournament_selection,two_point_crossover,0.6,random_member_gaussian_ball_mutation,None,None,0.9,0.0
<class 'problems.ANNOP.ANNOP'>,112098292576,algorithms.ga_elitism_worst_removal,203,0.11122661122661123,0.08713692946058091,16,tournament_selection,two_point_crossover,0.6,random_member_gaussian_ball_mutation,None,None,0.9,0.0
<class 'problems.ANNOP.ANNOP'>,112098292576,algorithms.ga_elitism_worst_removal,204,0.11122661122661123,0.08713692946058091,16,tournament_selection,two_point_crossover,0.6,random_member_gaussian_ball_mutation,None,None,0.9,0.0
<class 'problems.ANNOP.ANNOP'>,112098292576,algorithms.ga_elitism_worst_removal,205,0.11122661122661123,0.08713692946058091,16,tournament_selection,two_point_crossover,0.6,random_member_gaussian_ball_mutation,None,None,0.9,0.0
<class 'problems.ANNOP.ANNOP'>,112098292576,algorithms.ga_elitism_worst_removal,206,0.11122661122661123,0.08713692946058091,16,tournament_selection,two_point_crossover,0.6,random_member_gaussian_ball_mutation,None,None,0.9,0.0
<class 'problems.ANNOP.ANNOP'>,112098292576,algorithms.ga_elitism_worst_removal,207,0.11122661122661123,0.08713692946058091,16,tournament_selection,two_point_crossover,0.6,random_member_gaussian_ball_mutation,None,None,0.9,0.0
<class 'problems.ANNOP.ANNOP'>,112098292576,algorithms.ga_elitism_worst_removal,208,0.11122661122661123,0.08713692946058091,16,tournament_selection,two_point_crossover,0.6,random_member_gaussian_ball_mutation,None,None,0.9,0.0
<class 'problems.ANNOP.ANNOP'>,112098292576,algorithms.ga_elitism_worst_removal,209,0.11122661122661123,0.08713692946058091,16,tournament_selection,two_point_crossover,0.6,random_member_gaussian_ball_mutation,None,None,0.9,0.0
<class 'problems.ANNOP.ANNOP'>,112098292576,algorithms.ga_elitism_worst_removal,210,0.11122661122661123,0.08713692946058091,16,tournament_selection,two_point_crossover,0.6,random_member_gaussian_ball_mutation,None,None,0.9,0.0
<class 'problems.ANNOP.ANNOP'>,112098292576,algorithms.ga_elitism_worst_removal,211,0.11122661122661123,0.08713692946058091,16,tournament_selection,two_point_crossover,0.6,random_member_gaussian_ball_mutation,None,None,0.9,0.0
<class 'problems.ANNOP.ANNOP'>,112098292576,algorithms.ga_elitism_worst_removal,212,0.11122661122661123,0.08713692946058091,16,tournament_selection,two_point_crossover,0.6,random_member_gaussian_ball_mutation,None,None,0.9,0.0
<class 'problems.ANNOP.ANNOP'>,112098292576,algorithms.ga_elitism_worst_removal,213,0.11122661122661123,0.08713692946058091,16,tournament_selection,two_point_crossover,0.6,random_member_gaussian_ball_mutation,None,None,0.9,0.0
<class 'problems.ANNOP.ANNOP'>,112098292576,algorithms.ga_elitism_worst_removal,214,0.11122661122661123,0.08713692946058091,16,tournament_selection,two_point_crossover,0.6,random_member_gaussian_ball_mutation,None,None,0.9,0.0
<class 'problems.ANNOP.ANNOP'>,112098292576,algorithms.ga_elitism_worst_removal,215,0.11122661122661123,0.08713692946058091,16,tournament_selection,two_point_crossover,0.6,random_member_gaussian_ball_mutation,None,None,0.9,0.0
<class 'problems.ANNOP.ANNOP'>,112098292576,algorithms.ga_elitism_worst_removal,216,0.11122661122661123,0.08713692946058091,16,tournament_selection,two_point_crossover,0.6,random_member_gaussian_ball_mutation,None,None,0.9,0.0
<class 'problems.ANNOP.ANNOP'>,112098292576,algorithms.ga_elitism_worst_removal,217,0.11122661122661123,0.08713692946058091,16,tournament_selection,two_point_crossover,0.6,random_member_gaussian_ball_mutation,None,None,0.9,0.0
<class 'problems.ANNOP.ANNOP'>,112098292576,algorithms.ga_elitism_worst_removal,218,0.11122661122661123,0.08713692946058091,16,tournament_selection,two_point_crossover,0.6,random_member_gaussian_ball_mutation,None,None,0.9,0.0
<class 'problems.ANNOP.ANNOP'>,112098292576,algorithms.ga_elitism_worst_removal,219,0.11122661122661123,0.08713692946058091,16,tournament_selection,two_point_crossover,0.6,random_member_gaussian_ball_mutation,None,None,0.9,0.0
<class 'problems.ANNOP.ANNOP'>,112098292576,algorithms.ga_elitism_worst_removal,220,0.11122661122661123,0.08713692946058091,16,tournament_selection,two_point_crossover,0.6,random_member_gaussian_ball_mutation,None,None,0.9,0.0
<class 'problems.ANNOP.ANNOP'>,112098292576,algorithms.ga_elitism_worst_removal,221,0.11122661122661123,0.08713692946058091,16,tournament_selection,two_point_crossover,0.6,random_member_gaussian_ball_mutation,None,None,0.9,0.005535709044735134
<class 'problems.ANNOP.ANNOP'>,112098292576,algorithms.ga_elitism_worst_removal,222,0.11122661122661123,0.08713692946058091,16,tournament_selection,two_point_crossover,0.6,random_member_gaussian_ball_mutation,None,None,0.9,-0.005535709044735134
<class 'problems.ANNOP.ANNOP'>,112098292576,algorithms.ga_elitism_worst_removal,223,0.11122661122661123,0.08713692946058091,16,tournament_selection,two_point_crossover,0.6,random_member_gaussian_ball_mutation,None,None,0.9,0.0
<class 'problems.ANNOP.ANNOP'>,112098292576,algorithms.ga_elitism_worst_removal,224,0.11122661122661123,0.08713692946058091,16,tournament_selection,two_point_crossover,0.6,random_member_gaussian_ball_mutation,None,None,0.9,0.0
<class 'problems.ANNOP.ANNOP'>,112098292576,algorithms.ga_elitism_worst_removal,225,0.11122661122661123,0.08713692946058091,16,tournament_selection,two_point_crossover,0.6,random_member_gaussian_ball_mutation,None,None,0.9,0.0
<class 'problems.ANNOP.ANNOP'>,112098292576,algorithms.ga_elitism_worst_removal,226,0.11122661122661123,0.08713692946058091,16,tournament_selection,two_point_crossover,0.6,random_member_gaussian_ball_mutation,None,None,0.9,0.0
<class 'problems.ANNOP.ANNOP'>,112098292576,algorithms.ga_elitism_worst_removal,227,0.11122661122661123,0.08713692946058091,16,tournament_selection,two_point_crossover,0.6,random_member_gaussian_ball_mutation,None,None,0.9,0.0
<class 'problems.ANNOP.ANNOP'>,112098292576,algorithms.ga_elitism_worst_removal,228,0.11122661122661123,0.08713692946058091,16,tournament_selection,two_point_crossover,0.6,random_member_gaussian_ball_mutation,None,None,0.9,0.0
<class 'problems.ANNOP.ANNOP'>,112098292576,algorithms.ga_elitism_worst_removal,229,0.11122661122661123,0.08713692946058091,16,tournament_selection,two_point_crossover,0.6,random_member_gaussian_ball_mutation,None,None,0.9,0.0
<class 'problems.ANNOP.ANNOP'>,112098292576,algorithms.ga_elitism_worst_removal,230,0.11122661122661123,0.08713692946058091,16,tournament_selection,two_point_crossover,0.6,random_member_gaussian_ball_mutation,None,None,0.9,0.0
<class 'problems.ANNOP.ANNOP'>,112098292576,algorithms.ga_elitism_worst_removal,231,0.11122661122661123,0.08713692946058091,16,tournament_selection,two_point_crossover,0.6,random_member_gaussian_ball_mutation,None,None,0.9,0.0
<class 'problems.ANNOP.ANNOP'>,112098292576,algorithms.ga_elitism_worst_removal,232,0.11122661122661123,0.08713692946058091,16,tournament_selection,two_point_crossover,0.6,random_member_gaussian_ball_mutation,None,None,0.9,0.0
<class 'problems.ANNOP.ANNOP'>,112098292576,algorithms.ga_elitism_worst_removal,233,0.11122661122661123,0.08713692946058091,16,tournament_selection,two_point_crossover,0.6,random_member_gaussian_ball_mutation,None,None,0.9,0.0
<class 'problems.ANNOP.ANNOP'>,112098292576,algorithms.ga_elitism_worst_removal,234,0.11122661122661123,0.08713692946058091,16,tournament_selection,two_point_crossover,0.6,random_member_gaussian_ball_mutation,None,None,0.9,0.0
<class 'problems.ANNOP.ANNOP'>,112098292576,algorithms.ga_elitism_worst_removal,235,0.11122661122661123,0.08713692946058091,16,tournament_selection,two_point_crossover,0.6,random_member_gaussian_ball_mutation,None,None,0.9,0.0
<class 'problems.ANNOP.ANNOP'>,112098292576,algorithms.ga_elitism_worst_removal,236,0.11122661122661123,0.08713692946058091,16,tournament_selection,two_point_crossover,0.6,random_member_gaussian_ball_mutation,None,None,0.9,0.0
<class 'problems.ANNOP.ANNOP'>,112098292576,algorithms.ga_elitism_worst_removal,237,0.11122661122661123,0.08713692946058091,16,tournament_selection,two_point_crossover,0.6,random_member_gaussian_ball_mutation,None,None,0.9,0.0
<class 'problems.ANNOP.ANNOP'>,112098292576,algorithms.ga_elitism_worst_removal,238,0.11122661122661123,0.08713692946058091,16,tournament_selection,two_point_crossover,0.6,random_member_gaussian_ball_mutation,None,None,0.9,0.0
<class 'problems.ANNOP.ANNOP'>,112098292576,algorithms.ga_elitism_worst_removal,239,0.11122661122661123,0.08713692946058091,16,tournament_selection,two_point_crossover,0.6,random_member_gaussian_ball_mutation,None,None,0.9,0.0
<class 'problems.ANNOP.ANNOP'>,112098292576,algorithms.ga_elitism_worst_removal,240,0.11122661122661123,0.08713692946058091,16,tournament_selection,two_point_crossover,0.6,random_member_gaussian_ball_mutation,None,None,0.9,0.0
<class 'problems.ANNOP.ANNOP'>,112098292576,algorithms.ga_elitism_worst_removal,241,0.11122661122661123,0.08713692946058091,16,tournament_selection,two_point_crossover,0.6,random_member_gaussian_ball_mutation,None,None,0.9,0.0
<class 'problems.ANNOP.ANNOP'>,112098292576,algorithms.ga_elitism_worst_removal,242,0.11122661122661123,0.08713692946058091,16,tournament_selection,two_point_crossover,0.6,random_member_gaussian_ball_mutation,None,None,0.9,0.0
<class 'problems.ANNOP.ANNOP'>,112098292576,algorithms.ga_elitism_worst_removal,243,0.11122661122661123,0.08713692946058091,16,tournament_selection,two_point_crossover,0.6,random_member_gaussian_ball_mutation,None,None,0.9,0.0
<class 'problems.ANNOP.ANNOP'>,112098292576,algorithms.ga_elitism_worst_removal,244,0.11122661122661123,0.08713692946058091,16,tournament_selection,two_point_crossover,0.6,random_member_gaussian_ball_mutation,None,None,0.9,0.0
<class 'problems.ANNOP.ANNOP'>,112098292576,algorithms.ga_elitism_worst_removal,245,0.11122661122661123,0.08713692946058091,16,tournament_selection,two_point_crossover,0.6,random_member_gaussian_ball_mutation,None,None,0.9,0.0
<class 'problems.ANNOP.ANNOP'>,112098292576,algorithms.ga_elitism_worst_removal,246,0.11122661122661123,0.08713692946058091,16,tournament_selection,two_point_crossover,0.6,random_member_gaussian_ball_mutation,None,None,0.9,0.0
<class 'problems.ANNOP.ANNOP'>,112098292576,algorithms.ga_elitism_worst_removal,247,0.11122661122661123,0.08713692946058091,16,tournament_selection,two_point_crossover,0.6,random_member_gaussian_ball_mutation,None,None,0.9,0.0
<class 'problems.ANNOP.ANNOP'>,112098292576,algorithms.ga_elitism_worst_removal,248,0.11122661122661123,0.08713692946058091,16,tournament_selection,two_point_crossover,0.6,random_member_gaussian_ball_mutation,None,None,0.9,0.0
<class 'problems.ANNOP.ANNOP'>,112098292576,algorithms.ga_elitism_worst_removal,249,0.11122661122661123,0.08713692946058091,16,tournament_selection,two_point_crossover,0.6,random_member_gaussian_ball_mutation,None,None,0.9,0.0
<class 'problems.ANNOP.ANNOP'>,112098292576,algorithms.ga_elitism_worst_removal,250,0.11122661122661123,0.08713692946058091,16,tournament_selection,two_point_crossover,0.6,random_member_gaussian_ball_mutation,None,None,0.9,0.0
<class 'problems.ANNOP.ANNOP'>,112098292576,algorithms.ga_elitism_worst_removal,251,0.11122661122661123,0.08713692946058091,16,tournament_selection,two_point_crossover,0.6,random_member_gaussian_ball_mutation,None,None,0.9,0.0
<class 'problems.ANNOP.ANNOP'>,112098292576,algorithms.ga_elitism_worst_removal,252,0.11122661122661123,0.08713692946058091,16,tournament_selection,two_point_crossover,0.6,random_member_gaussian_ball_mutation,None,None,0.9,0.0
<class 'problems.ANNOP.ANNOP'>,112098292576,algorithms.ga_elitism_worst_removal,253,0.11122661122661123,0.08713692946058091,16,tournament_selection,two_point_crossover,0.6,random_member_gaussian_ball_mutation,None,None,0.9,0.0
<class 'problems.ANNOP.ANNOP'>,112098292576,algorithms.ga_elitism_worst_removal,254,0.11122661122661123,0.08713692946058091,16,tournament_selection,two_point_crossover,0.6,random_member_gaussian_ball_mutation,None,None,0.9,0.0
<class 'problems.ANNOP.ANNOP'>,112098292576,algorithms.ga_elitism_worst_removal,255,0.11122661122661123,0.08713692946058091,16,tournament_selection,two_point_crossover,0.6,random_member_gaussian_ball_mutation,None,None,0.9,0.0
<class 'problems.ANNOP.ANNOP'>,112098292576,algorithms.ga_elitism_worst_removal,256,0.11122661122661123,0.08713692946058091,16,tournament_selection,two_point_crossover,0.6,random_member_gaussian_ball_mutation,None,None,0.9,0.0
<class 'problems.ANNOP.ANNOP'>,112098292576,algorithms.ga_elitism_worst_removal,257,0.11122661122661123,0.08713692946058091,16,tournament_selection,two_point_crossover,0.6,random_member_gaussian_ball_mutation,None,None,0.9,0.0
<class 'problems.ANNOP.ANNOP'>,112098292576,algorithms.ga_elitism_worst_removal,258,0.11122661122661123,0.08713692946058091,16,tournament_selection,two_point_crossover,0.6,random_member_gaussian_ball_mutation,None,None,0.9,0.0
<class 'problems.ANNOP.ANNOP'>,112098292576,algorithms.ga_elitism_worst_removal,259,0.11122661122661123,0.08713692946058091,16,tournament_selection,two_point_crossover,0.6,random_member_gaussian_ball_mutation,None,None,0.9,0.0
<class 'problems.ANNOP.ANNOP'>,112098292576,algorithms.ga_elitism_worst_removal,260,0.11122661122661123,0.08713692946058091,16,tournament_selection,two_point_crossover,0.6,random_member_gaussian_ball_mutation,None,None,0.9,0.0
<class 'problems.ANNOP.ANNOP'>,112098292576,algorithms.ga_elitism_worst_removal,261,0.11122661122661123,0.08713692946058091,16,tournament_selection,two_point_crossover,0.6,random_member_gaussian_ball_mutation,None,None,0.9,0.0
<class 'problems.ANNOP.ANNOP'>,112098292576,algorithms.ga_elitism_worst_removal,262,0.11122661122661123,0.08713692946058091,16,tournament_selection,two_point_crossover,0.6,random_member_gaussian_ball_mutation,None,None,0.9,0.0
<class 'problems.ANNOP.ANNOP'>,112098292576,algorithms.ga_elitism_worst_removal,263,0.11122661122661123,0.08713692946058091,16,tournament_selection,two_point_crossover,0.6,random_member_gaussian_ball_mutation,None,None,0.9,0.0
<class 'problems.ANNOP.ANNOP'>,112098292576,algorithms.ga_elitism_worst_removal,264,0.11122661122661123,0.08713692946058091,16,tournament_selection,two_point_crossover,0.6,random_member_gaussian_ball_mutation,None,None,0.9,0.0
<class 'problems.ANNOP.ANNOP'>,112098292576,algorithms.ga_elitism_worst_removal,265,0.11122661122661123,0.08713692946058091,16,tournament_selection,two_point_crossover,0.6,random_member_gaussian_ball_mutation,None,None,0.9,0.0
<class 'problems.ANNOP.ANNOP'>,112098292576,algorithms.ga_elitism_worst_removal,266,0.11122661122661123,0.08713692946058091,16,tournament_selection,two_point_crossover,0.6,random_member_gaussian_ball_mutation,None,None,0.9,0.0
<class 'problems.ANNOP.ANNOP'>,112098292576,algorithms.ga_elitism_worst_removal,267,0.11122661122661123,0.08713692946058091,16,tournament_selection,two_point_crossover,0.6,random_member_gaussian_ball_mutation,None,None,0.9,0.0
<class 'problems.ANNOP.ANNOP'>,112098292576,algorithms.ga_elitism_worst_removal,268,0.11122661122661123,0.08713692946058091,16,tournament_selection,two_point_crossover,0.6,random_member_gaussian_ball_mutation,None,None,0.9,0.0
<class 'problems.ANNOP.ANNOP'>,112098292576,algorithms.ga_elitism_worst_removal,269,0.11122661122661123,0.08713692946058091,16,tournament_selection,two_point_crossover,0.6,random_member_gaussian_ball_mutation,None,None,0.9,0.0
<class 'problems.ANNOP.ANNOP'>,112098292576,algorithms.ga_elitism_worst_removal,270,0.11122661122661123,0.08713692946058091,16,tournament_selection,two_point_crossover,0.6,random_member_gaussian_ball_mutation,None,None,0.9,0.0
<class 'problems.ANNOP.ANNOP'>,112098292576,algorithms.ga_elitism_worst_removal,271,0.11122661122661123,0.08713692946058091,16,tournament_selection,two_point_crossover,0.6,random_member_gaussian_ball_mutation,None,None,0.9,0.0
<class 'problems.ANNOP.ANNOP'>,112098292576,algorithms.ga_elitism_worst_removal,272,0.11122661122661123,0.08713692946058091,16,tournament_selection,two_point_crossover,0.6,random_member_gaussian_ball_mutation,None,None,0.9,0.0
<class 'problems.ANNOP.ANNOP'>,112098292576,algorithms.ga_elitism_worst_removal,273,0.11122661122661123,0.08713692946058091,16,tournament_selection,two_point_crossover,0.6,random_member_gaussian_ball_mutation,None,None,0.9,0.0
<class 'problems.ANNOP.ANNOP'>,112098292576,algorithms.ga_elitism_worst_removal,274,0.11122661122661123,0.08713692946058091,16,tournament_selection,two_point_crossover,0.6,random_member_gaussian_ball_mutation,None,None,0.9,0.0
<class 'problems.ANNOP.ANNOP'>,112098292576,algorithms.ga_elitism_worst_removal,275,0.11122661122661123,0.08713692946058091,16,tournament_selection,two_point_crossover,0.6,random_member_gaussian_ball_mutation,None,None,0.9,0.0
<class 'problems.ANNOP.ANNOP'>,112098292576,algorithms.ga_elitism_worst_removal,276,0.11122661122661123,0.08713692946058091,16,tournament_selection,two_point_crossover,0.6,random_member_gaussian_ball_mutation,None,None,0.9,0.0
<class 'problems.ANNOP.ANNOP'>,112098292576,algorithms.ga_elitism_worst_removal,277,0.11122661122661123,0.08713692946058091,16,tournament_selection,two_point_crossover,0.6,random_member_gaussian_ball_mutation,None,None,0.9,0.0
<class 'problems.ANNOP.ANNOP'>,112098292576,algorithms.ga_elitism_worst_removal,278,0.11122661122661123,0.08713692946058091,16,tournament_selection,two_point_crossover,0.6,random_member_gaussian_ball_mutation,None,None,0.9,0.0
<class 'problems.ANNOP.ANNOP'>,112098292576,algorithms.ga_elitism_worst_removal,279,0.11122661122661123,0.08713692946058091,16,tournament_selection,two_point_crossover,0.6,random_member_gaussian_ball_mutation,None,None,0.9,0.0
<class 'problems.ANNOP.ANNOP'>,112098292576,algorithms.ga_elitism_worst_removal,280,0.11122661122661123,0.08713692946058091,16,tournament_selection,two_point_crossover,0.6,random_member_gaussian_ball_mutation,None,None,0.9,0.0
<class 'problems.ANNOP.ANNOP'>,112098292576,algorithms.ga_elitism_worst_removal,281,0.11122661122661123,0.08713692946058091,16,tournament_selection,two_point_crossover,0.6,random_member_gaussian_ball_mutation,None,None,0.9,0.0
<class 'problems.ANNOP.ANNOP'>,112098292576,algorithms.ga_elitism_worst_removal,282,0.11122661122661123,0.08713692946058091,16,tournament_selection,two_point_crossover,0.6,random_member_gaussian_ball_mutation,None,None,0.9,0.0
<class 'problems.ANNOP.ANNOP'>,112098292576,algorithms.ga_elitism_worst_removal,283,0.11122661122661123,0.08713692946058091,16,tournament_selection,two_point_crossover,0.6,random_member_gaussian_ball_mutation,None,None,0.9,0.0
<class 'problems.ANNOP.ANNOP'>,112098292576,algorithms.ga_elitism_worst_removal,284,0.11122661122661123,0.08713692946058091,16,tournament_selection,two_point_crossover,0.6,random_member_gaussian_ball_mutation,None,None,0.9,0.0
<class 'problems.ANNOP.ANNOP'>,112098292576,algorithms.ga_elitism_worst_removal,285,0.11122661122661123,0.08713692946058091,16,tournament_selection,two_point_crossover,0.6,random_member_gaussian_ball_mutation,None,None,0.9,0.0
<class 'problems.ANNOP.ANNOP'>,112098292576,algorithms.ga_elitism_worst_removal,286,0.11122661122661123,0.08713692946058091,16,tournament_selection,two_point_crossover,0.6,random_member_gaussian_ball_mutation,None,None,0.9,0.0
<class 'problems.ANNOP.ANNOP'>,112098292576,algorithms.ga_elitism_worst_removal,287,0.11122661122661123,0.08713692946058091,16,tournament_selection,two_point_crossover,0.6,random_member_gaussian_ball_mutation,None,None,0.9,0.0
<class 'problems.ANNOP.ANNOP'>,112098292576,algorithms.ga_elitism_worst_removal,288,0.11122661122661123,0.08713692946058091,16,tournament_selection,two_point_crossover,0.6,random_member_gaussian_ball_mutation,None,None,0.9,0.0
<class 'problems.ANNOP.ANNOP'>,112098292576,algorithms.ga_elitism_worst_removal,289,0.11122661122661123,0.08713692946058091,16,tournament_selection,two_point_crossover,0.6,random_member_gaussian_ball_mutation,None,None,0.9,0.0
<class 'problems.ANNOP.ANNOP'>,112098292576,algorithms.ga_elitism_worst_removal,290,0.11122661122661123,0.08713692946058091,16,tournament_selection,two_point_crossover,0.6,random_member_gaussian_ball_mutation,None,None,0.9,0.0
<class 'problems.ANNOP.ANNOP'>,112098292576,algorithms.ga_elitism_worst_removal,291,0.11122661122661123,0.08713692946058091,16,tournament_selection,two_point_crossover,0.6,random_member_gaussian_ball_mutation,None,None,0.9,0.0
<class 'problems.ANNOP.ANNOP'>,112098292576,algorithms.ga_elitism_worst_removal,292,0.11122661122661123,0.08713692946058091,16,tournament_selection,two_point_crossover,0.6,random_member_gaussian_ball_mutation,None,None,0.9,0.0
<class 'problems.ANNOP.ANNOP'>,112098292576,algorithms.ga_elitism_worst_removal,293,0.11122661122661123,0.08713692946058091,16,tournament_selection,two_point_crossover,0.6,random_member_gaussian_ball_mutation,None,None,0.9,0.0
<class 'problems.ANNOP.ANNOP'>,112098292576,algorithms.ga_elitism_worst_removal,294,0.11122661122661123,0.08713692946058091,16,tournament_selection,two_point_crossover,0.6,random_member_gaussian_ball_mutation,None,None,0.9,0.0
<class 'problems.ANNOP.ANNOP'>,112098292576,algorithms.ga_elitism_worst_removal,295,0.11122661122661123,0.08713692946058091,16,tournament_selection,two_point_crossover,0.6,random_member_gaussian_ball_mutation,None,None,0.9,0.0
<class 'problems.ANNOP.ANNOP'>,112098292576,algorithms.ga_elitism_worst_removal,296,0.11122661122661123,0.08713692946058091,16,tournament_selection,two_point_crossover,0.6,random_member_gaussian_ball_mutation,None,None,0.9,0.0
<class 'problems.ANNOP.ANNOP'>,112098292576,algorithms.ga_elitism_worst_removal,297,0.11122661122661123,0.08713692946058091,16,tournament_selection,two_point_crossover,0.6,random_member_gaussian_ball_mutation,None,None,0.9,0.0
<class 'problems.ANNOP.ANNOP'>,112098292576,algorithms.ga_elitism_worst_removal,298,0.11122661122661123,0.08713692946058091,16,tournament_selection,two_point_crossover,0.6,random_member_gaussian_ball_mutation,None,None,0.9,0.0
<class 'problems.ANNOP.ANNOP'>,112098292576,algorithms.ga_elitism_worst_removal,299,0.11122661122661123,0.08713692946058091,16,tournament_selection,two_point_crossover,0.6,random_member_gaussian_ball_mutation,None,None,0.9,0.0
